,Date,24k
0,1988-12-30,31.067243236291734
1,1989-01-31,29.996624174128314
2,1989-02-28,29.8840966450721
3,1989-03-31,30.421013712283184
4,1989-04-28,30.382432845178194
5,1989-05-31,30.031989968974553
6,1989-06-30,31.144404970501714
7,1989-07-31,29.91303229540084
8,1989-08-31,29.575449708232192
9,1989-09-29,30.321346472261965
10,1989-10-31,31.35016959506165
11,1989-11-30,33.45282685228351
12,1989-12-29,32.74229588309997
13,1990-01-31,34.076550870480816
14,1990-02-28,34.90282444097931
15,1990-03-30,30.45637950712942
16,1990-04-30,31.588084942209075
17,1990-05-31,31.774559133216517
18,1990-06-29,30.443519218094426
19,1990-07-31,32.03176491391644
20,1990-08-31,34.51701576992943
21,1990-09-28,35.741958300512806
22,1990-10-31,34.4430691079782
23,1990-11-30,35.59406497661035
24,1990-12-31,35.905926985709
25,1991-01-31,34.394843024096964
26,1991-02-28,35.5844197598341
27,1991-03-29,38.32366132428826
28,1991-04-30,36.96047068657868
29,1991-05-31,39.07920330509428
30,1991-06-28,38.10825148295208
31,1991-07-31,38.96346070377932
32,1991-08-30,37.03120227627116
33,1991-09-30,37.75137846223094
34,1991-10-31,38.00858424293086
35,1991-11-29,39.77365891298407
36,1991-12-31,37.65171122220971
37,1992-01-31,37.82854019644091
38,1992-02-28,38.6805343450094
39,1992-03-31,36.86401851881621
40,1992-04-30,35.905926985709
41,1992-05-29,35.989518864436484
42,1992-06-30,36.61002781037504
43,1992-07-31,38.230424228784536
44,1992-08-31,36.12455189930393
45,1992-09-30,37.082643432411146
46,1992-10-30,36.21135885029016
47,1992-11-30,35.426881219155405
48,1992-12-31,35.63907598823283
49,1993-01-29,35.46546208626039
50,1993-02-26,35.15681514942048
51,1993-03-31,36.33674666838137
52,1993-04-30,38.140402205539566
53,1993-05-31,40.140177150481456
54,1993-06-30,40.84106290288874
55,1993-07-30,43.30380825309049
56,1993-08-31,40.04694005497773
57,1993-09-30,38.355812046875755
58,1993-10-29,40.00192904335525
59,1993-11-30,40.091951066600224
60,1993-12-31,42.33285643094829
61,1994-01-31,40.91179449258122
62,1994-02-28,41.352259392029836
63,1994-03-31,42.319996141913286
64,1994-04-29,40.71889015705628
65,1994-05-31,42.12709180638835
66,1994-06-30,41.85381066439468
67,1994-07-29,41.71877762952722
68,1994-08-31,41.87310109794718
69,1994-09-30,42.88584885945312
70,1994-10-31,41.551593872072274
71,1994-11-30,41.9727683379684
72,1994-12-30,42.00170398829714
73,1995-01-31,40.9760959377562
74,1995-02-28,41.20436606812738
75,1995-03-31,43.00802160528558
76,1995-04-28,42.80225698072564
77,1995-05-31,42.26533991351455
78,1995-06-30,42.41323323741701
79,1995-07-31,41.93740254312216
80,1995-08-31,41.7830790747022
81,1995-09-29,41.99527384377964
82,1995-10-31,41.81522979728969
83,1995-11-30,42.429308598710755
84,1995-12-29,42.348931792242034
85,1996-01-31,44.30691079782018
86,1996-02-29,43.818219814490334
87,1996-03-29,43.33274390341923
88,1996-04-30,42.79582683620814
89,1996-05-31,42.696159596186924
90,1996-06-28,41.70270226823347
91,1996-07-31,42.133521950905845
92,1996-08-30,42.229974118668316
93,1996-09-30,41.422990981722315
94,1996-10-31,41.48407735463854
95,1996-11-29,40.58385712218882
96,1996-12-31,40.278425257607665
97,1997-01-31,37.76745382352468
98,1997-02-28,39.11456909994052
99,1997-03-31,38.01501438744836
100,1997-04-30,37.13086951629238
101,1997-05-30,37.664571511244716
102,1997-06-30,36.55858665423505
103,1997-07-31,35.6037101933866
104,1997-08-29,35.54262382047037
105,1997-09-30,36.24993971739515
106,1997-10-31,34.06369058144582
107,1997-11-28,32.44972430755381
108,1997-12-31,31.745623482887776
109,1998-01-30,33.446396707766006
110,1998-02-27,32.54617647531628
111,1998-03-31,32.964135868953655
112,1998-04-30,34.06369058144582
113,1998-05-29,32.20216374363014
114,1998-06-30,32.49795039143505
115,1998-07-31,31.80349478354526
116,1998-08-31,29.983763885093317
117,1998-09-30,32.215024032665134
118,1998-10-30,32.234314466217626
119,1998-11-30,32.350057067532596
120,1998-12-31,31.552719147362836
121,1999-01-29,31.314803800215408
122,1999-02-26,31.552719147362836
123,1999-03-31,30.665359203948107
124,1999-04-30,31.719902904817786
125,1999-05-31,29.48864275724597
126,1999-06-30,28.639863680936227
127,1999-07-30,28.061150674361404
128,1999-08-31,27.974343723375185
129,1999-09-30,32.806597328274954
130,1999-10-29,32.98342630250615
131,1999-11-30,32.0028292635877
132,1999-12-31,31.922452457118972
133,2000-01-31,31.195846126641694
134,2000-02-29,32.35327213979134
135,2000-03-31,30.530326169080652
136,2000-04-28,30.388862989695696
137,2000-05-31,30.17345314835951
138,2000-06-30,32.1667979487839
139,2000-07-31,31.04473773048049
140,2000-08-31,31.305158583439162
141,2000-09-29,31.3469545228029
142,2000-10-31,31.784204349992766
143,2000-11-30,32.716575305029984
144,2000-12-29,34.324111434404486
145,2001-01-31,32.76158631665247
146,2001-02-28,33.29207323934605
147,2001-03-30,31.93852781841272
148,2001-04-30,32.896619351519924
149,2001-05-31,33.433536418731016
150,2001-06-29,33.91258218528461
151,2001-07-31,33.75504364460591
152,2001-08-31,37.41058080280354
153,2001-09-28,40.16589772855145
154,2001-10-31,38.20470365071455
155,2001-11-30,37.76423875126593
156,2001-12-31,40.67066407317505
157,2002-01-31,42.04671499991962
158,2002-02-28,44.21367370231646
159,2002-03-29,44.88883887665375
160,2002-04-30,46.007684022698406
161,2002-05-31,48.303245615445206
162,2002-06-28,47.55091870689794
163,2002-07-31,45.49970260581607
164,2002-08-30,46.589612101531976
165,2002-09-30,48.345041554808944
166,2002-10-31,47.19726075843555
167,2002-11-29,47.51876798431044
168,2002-12-31,51.68228655939042
169,2003-01-31,63.09579307794942
170,2003-02-28,62.275949651968425
171,2003-03-31,62.038034304821
172,2003-04-30,64.25643416335782
173,2003-05-30,69.42627035542624
174,2003-06-30,67.36540903756813
175,2003-07-31,70.20110276978475
176,2003-08-29,74.26495410484351
177,2003-09-30,76.59266642017779
178,2003-10-31,76.00109312456797
179,2003-11-28,78.92680888002958
180,2003-12-31,82.50518430401722
181,2004-01-30,79.23545581686949
182,2004-02-27,78.77248541160962
183,2004-03-31,84.32170013021042
184,2004-04-30,77.4125098461588
185,2004-05-31,78.25485877795103
186,2004-06-30,78.76927033935088
187,2004-07-30,78.16483675470606
188,2004-08-31,81.60496407156751
189,2004-09-30,83.32181265773949
190,2004-10-29,85.23799572395389
191,2004-11-30,90.74219943093222
192,2004-12-31,85.00972559358271
193,2005-01-31,79.19365987750574
194,2005-02-28,81.21915540051762
195,2005-03-31,79.71771665568184
196,2005-04-29,81.2834568456926
197,2005-05-31,77.2163904383751
198,2005-06-30,81.40241451926632
199,2005-07-29,79.65341521050685
200,2005-08-31,80.40895719131288
201,2005-09-30,87.63965470123941
202,2005-10-31,87.12524313983957
203,2005-11-30,91.84175414342437
204,2005-12-30,94.65172729757101
205,2006-01-31,104.80814056295915
206,2006-02-28,102.49650360891862
207,2006-03-31,107.54416705515456
208,2006-04-28,119.1377176202035
209,2006-05-31,121.00567460253669
210,2006-06-30,113.51455623965148
211,2006-07-31,116.80036008809299
212,2006-08-31,115.07386628514475
213,2006-09-29,110.58241033967238
214,2006-10-31,111.32187695918465
215,2006-11-30,118.91909270660858
216,2006-12-29,116.04803317954571
217,2007-01-31,119.14736283697977
218,2007-02-28,121.61332325944025
219,2007-03-30,121.19214879354413
220,2007-04-30,123.73848602247335
221,2007-05-31,120.61022071471056
222,2007-06-29,119.05412574147604
223,2007-07-31,121.02174996383043
224,2007-08-31,122.16631568794509
225,2007-09-28,133.47372482196536
226,2007-10-31,140.05176266336588
227,2007-11-30,139.42803864516856
228,2007-12-31,147.8676033243847
229,2008-01-31,164.8174642725095
230,2008-02-29,171.36013631906377
231,2008-03-31,163.51536000771617
232,2008-04-30,150.51682286559392
233,2008-05-30,152.28511260790586
234,2008-06-30,159.34219621585996
235,2008-07-31,156.67047116883953
236,2008-08-29,143.9516453132284
237,2008-09-30,155.33943125371744
238,2008-10-31,130.97882874917613
239,2008-11-28,144.54964875335574
240,2008-12-31,154.1112736508753
241,2009-01-30,164.56025849180958
242,2009-02-27,170.39239956918033
243,2009-03-31,166.01347115276417
244,2009-04-30,159.9884257398685
245,2009-05-29,176.32420788657225
246,2009-06-30,168.07111739836353
247,2009-07-31,167.4924043917887
248,2009-08-31,169.79118105679427
249,2009-09-30,176.14094876782357
250,2009-10-30,182.9986978957352
251,2009-11-30,207.0377931744016
252,2009-12-31,191.7694150176025
253,2010-01-29,189.49635893066696
254,2010-02-26,195.61464143906633
255,2010-03-31,197.46652306010577
256,2010-04-30,210.7640619222917
257,2010-05-31,219.75340395775396
258,2010-06-30,227.81359011043773
259,2010-07-30,214.26849068432813
260,2010-08-31,228.565917018985
261,2010-09-30,239.22709662899675
262,2010-10-29,250.03938463516968
263,2010-11-30,257.54336328708985
264,2010-12-31,262.3145305190734
265,2011-01-31,249.9043516003022
266,2011-02-28,267.2432362917357
267,2011-03-31,275.7149516935393
268,2011-04-29,293.5875383799251
269,2011-05-31,293.53288215152634
270,2011-06-30,288.89353288215153
271,2011-07-29,311.94560097738196
272,2011-08-31,347.10563119906124
273,2011-09-30,310.69493786872863
274,2011-10-31,330.43869660970626
275,2011-11-30,337.0810358962818
276,2011-12-30,296.85083672255536
277,2012-01-31,338.02305206809524
278,2012-02-29,343.1896731879049
279,2012-03-30,322.84148086228237
280,2012-04-30,320.93494301284426
281,2012-05-31,302.54794476505856
282,2012-06-29,311.3636728985484
283,2012-07-31,316.787499799058
284,2012-08-31,323.44912951918593
285,2012-09-28,348.12159403282584
286,2012-10-31,337.82050251579403
287,2012-11-30,339.11296156381115
288,2012-12-31,339.1547575031749
289,2013-01-31,359.4161428778112
290,2013-02-28,344.24100181651585
291,2013-03-29,349.57480669378043
292,2013-04-30,327.50012056520967
293,2013-05-31,313.10945713504907
294,2013-06-28,269.0083109617889
295,2013-07-31,295.8316588165319
296,2013-08-30,313.2509203144341
297,2013-09-30,293.9090456058
298,2013-10-31,293.21780507016894
299,2013-11-29,277.3096275338788
300,2013-12-31,269.0854726959988
301,2014-01-31,280.0006430144517
302,2014-02-28,296.85726686707284
303,2014-03-31,289.3629334319289
304,2014-04-30,290.2953043869661
305,2014-05-30,287.4756860160432
306,2014-06-30,302.29073898435865
307,2014-07-31,295.4522802899995
308,2014-08-29,295.5680228913145
309,2014-09-30,279.6469850659893
310,2014-10-31,267.635475107303
311,2014-11-28,271.889015705628
312,2014-12-31,277.23568087192757
313,2015-01-30,307.5345218383783
314,2015-02-27,297.8089282556625
315,2015-03-31,291.18587940263956
316,2015-04-30,289.5301171893838
317,2015-05-29,292.26292860932045
318,2015-06-30,287.260276174707
319,2015-07-31,276.5122896137091
320,2015-08-31,285.72668670728376
321,2015-09-30,280.4411079139004
322,2015-10-30,294.92179336730595
323,2015-11-30,267.3236130982044
324,2015-12-31,266.8477824039095
325,2016-01-29,279.88811548539553
326,2016-02-29,310.87498191521854
327,2016-03-31,353.1596122622856
328,2016-04-29,367.0487244200813
329,2016-05-31,346.0510874981915
330,2016-06-30,377.07010465060205
331,2016-07-29,383.1369460028614
332,2016-08-31,373.7875158744193
333,2016-09-30,377.56844085070816
334,2016-10-31,363.1520568424775
335,2016-11-30,673.258636487855
336,2016-12-30,667.9376918996254
337,2017-01-31,738.9071969392512
338,2017-02-28,637.8221100519235
339,2017-03-31,722.41066117961
340,2017-04-28,734.9462279164725
341,2017-05-31,736.8366904046169
342,2017-06-30,723.6999051553684
343,2017-07-31,730.085038661244
344,2017-08-31,744.7875641005031
345,2017-09-29,728.1077692221132
346,2017-10-31,720.2179818991432
347,2017-11-30,727.7991222852733
348,2017-12-29,737.987686273249
349,2018-01-31,763.695404054206
350,2018-02-28,748.2501969231758
351,2018-03-30,750.3817898307265
352,2018-04-30,744.713617438552
353,2018-05-31,751.0151590657
354,2018-06-29,719.2309547157072
355,2018-07-31,702.0656839262463
356,2018-08-31,689.3018470590126
357,2018-09-28,684.0226984101467
358,2018-10-31,700.5674602536692
359,2018-11-30,701.0883019595865
360,2018-12-31,736.8849164884981
361,2019-01-31,752.5937595447457
362,2019-02-28,743.0514250807787
363,2019-03-29,721.7612165833427
364,2019-04-30,709.1034771006478
365,2019-05-31,697.2687961161927
366,2019-06-28,756.2878775700484
367,2019-07-31,760.5092674457858
368,2019-08-30,813.2525278505634
369,2019-09-30,776.7678878582797
370,2019-10-31,784.0500265243461
371,2019-11-29,756.7508479753081
372,2019-12-31,781.6387223302844
373,2020-01-31,804.7454466539136
374,2020-02-28,809.1050846367772
375,2020-03-31,814.2138344559295
376,2020-04-30,862.2277235680872
377,2020-05-29,881.4827913257351
378,2020-06-30,917.4883855514652
379,2020-07-31,1008.8735994341473
380,2020-08-31,997.4440175542945
381,2020-09-30,956.0821129454885
382,2020-10-30,949.8963139196553
383,2020-11-30,889.1089427234878
384,2020-12-31,954.6192550677576
385,2021-01-01,966.87
386,2021-01-04,982.65
387,2021-01-05,984.55
388,2021-01-06,971.24
389,2021-01-07,967.58
390,2021-01-08,932.95
391,2021-01-11,929.45
392,2021-01-12,935.36
393,2021-01-13,930.41
394,2021-01-14,930.15
395,2021-01-15,920.19
396,2021-01-18,927.39
397,2021-01-19,929.93
398,2021-01-20,946.58
399,2021-01-21,945.68
400,2021-01-22,938.16
401,2021-01-25,937.32
402,2021-01-26,936.33
403,2021-01-27,929.19
404,2021-01-28,931.12
405,2021-01-29,941.3828025784879
406,2021-02-01,939.12
407,2021-02-02,929.28
408,2021-02-03,926.87
409,2021-02-04,905.91
410,2021-02-05,913.98
411,2021-02-08,921.63
412,2021-02-09,924.59
413,2021-02-10,927.42
414,2021-02-11,917.87
415,2021-02-12,916.36
416,2021-02-15,913.27
417,2021-02-16,898.52
418,2021-02-17,893.47
419,2021-02-18,892.92
420,2021-02-19,896.88
421,2021-02-22,912.86
422,2021-02-23,910.54
423,2021-02-24,908.93
424,2021-02-25,893.98
425,2021-02-26,879.7337920169756
426,2021-03-01,872.18
427,2021-03-02,875.59
428,2021-03-03,861.9
429,2021-03-04,854.95
430,2021-03-05,858.49
431,2021-03-08,852.06
432,2021-03-09,867.78
433,2021-03-10,873.44
434,2021-03-11,869.77
435,2021-03-12,871.83
436,2021-03-15,874.02
437,2021-03-16,873.37
438,2021-03-17,883.24
439,2021-03-18,874.95
440,2021-03-19,877.81
441,2021-03-22,879.68
442,2021-03-23,875.14
443,2021-03-24,879.07
444,2021-03-25,872.25
445,2021-03-26,872.89
446,2021-03-29,865.27
447,2021-03-30,851.77
448,2021-03-31,854.5372707251595
449,2021-04-01,873.95
450,2021-04-02,875.37
451,2021-04-05,868.29
452,2021-04-06,880.16
453,2021-04-07,876.78
454,2021-04-08,886.17
455,2021-04-09,880.61
456,2021-04-12,874.02
457,2021-04-13,881.22
458,2021-04-14,874.92
459,2021-04-15,889.29
460,2021-04-16,896.17
461,2021-04-19,894.08
462,2021-04-20,897.2
463,2021-04-21,904.4
464,2021-04-22,900.16
465,2021-04-23,897.23
466,2021-04-26,898.19
467,2021-04-27,894.75
468,2021-04-28,898.19
469,2021-04-29,892.73
470,2021-04-30,889.97701223335
471,2021-05-03,902.5
472,2021-05-04,895.91
473,2021-05-05,899.29
474,2021-05-06,914.14
475,2021-05-07,922.73
476,2021-05-10,924.91
477,2021-05-11,925.75
478,2021-05-12,916.17
479,2021-05-13,919.06
480,2021-05-14,928.06
481,2021-05-17,942.82
482,2021-05-18,942.85
483,2021-05-19,940.89
484,2021-05-20,944.75
485,2021-05-21,947.48
486,2021-05-24,945.87
487,2021-05-25,956.48
488,2021-05-26,955.78
489,2021-05-27,956.77
490,2021-05-28,958.64
491,2021-05-31,957.1977430192744
492,2021-06-01,957.19
493,2021-06-02,962.5
494,2021-06-03,943.88
495,2021-06-04,954.07
496,2021-06-07,957.87
497,2021-06-08,952.79
498,2021-06-09,952.02
499,2021-06-10,956.39
500,2021-06-11,943.69
501,2021-06-14,939.83
502,2021-06-15,936.13
503,2021-06-16,915.07
504,2021-06-17,894.72
505,2021-06-18,887.62
506,2021-06-21,898.1
507,2021-06-22,896.68
508,2021-06-23,894.72
509,2021-06-24,894.53
510,2021-06-25,897.33
511,2021-06-28,895.85
512,2021-06-29,886.56
513,2021-06-30,889.69408587458
514,2021-07-01,896.04
515,2021-07-02,900.54
516,2021-07-05,903.05
517,2021-07-06,905.65
518,2021-07-07,908.8
519,2021-07-08,910.09
520,2021-07-09,912.15
521,2021-07-12,910.96
522,2021-07-13,911.22
523,2021-07-14,921.99
524,2021-07-15,923.82
525,2021-07-16,915.14
526,2021-07-19,912.6
527,2021-07-20,911.76
528,2021-07-21,908.35
529,2021-07-22,910.7
530,2021-07-23,908.13
531,2021-07-26,906.88
532,2021-07-27,908.0
533,2021-07-28,913.34
534,2021-07-29,924.37
535,2021-07-30,921.8705290401402
536,2021-08-02,915.2
537,2021-08-03,914.14
538,2021-08-04,914.56
539,2021-08-05,910.77
540,2021-08-06,890.29
541,2021-08-09,873.95
542,2021-08-10,871.96
543,2021-08-11,884.59
544,2021-08-12,885.08
545,2021-08-13,897.87
546,2021-08-16,901.7
547,2021-08-17,902.15
548,2021-08-18,902.47
549,2021-08-19,897.94
550,2021-08-20,899.35
551,2021-08-23,911.09
552,2021-08-24,909.64
553,2021-08-25,904.4
554,2021-08-26,905.62
555,2021-08-27,917.58
556,2021-08-30,913.85
557,2021-08-31,915.81
558,2021-09-01,915.62
559,2021-09-02,913.59
560,2021-09-03,922.69
561,2021-09-06,920.83
562,2021-09-07,907.33
563,2021-09-08,905.36
564,2021-09-09,906.59
565,2021-09-10,902.99
566,2021-09-13,906.2
567,2021-09-14,911.31
568,2021-09-15,906.91
569,2021-09-16,886.14
570,2021-09-17,886.36
571,2021-09-20,892.34
572,2021-09-21,895.88
573,2021-09-22,892.63
574,2021-09-23,881.15
575,2021-09-24,882.92
576,2021-09-27,884.4
577,2021-09-28,876.49
578,2021-09-29,873.18
579,2021-09-30,886.07
580,2021-10-01,890.06
581,2021-10-04,893.11
582,2021-10-05,888.74
583,2021-10-06,890.35
584,2021-10-07,885.78
585,2021-10-08,886.81
586,2021-10-11,886.04
587,2021-10-12,889.19
588,2021-10-13,905.3
589,2021-10-14,907.33
590,2021-10-15,893.4
591,2021-10-18,892.63
592,2021-10-19,893.98
593,2021-10-20,899.51
594,2021-10-21,900.93
595,2021-10-22,905.07
596,2021-10-25,914.3
597,2021-10-26,906.14
598,2021-10-27,907.55
599,2021-10-28,909.13
600,2021-10-29,900.96
601,2021-11-01,906.52
602,2021-11-02,901.96
603,2021-11-03,898.61
604,2021-11-04,904.14
605,2021-11-05,918.77
606,2021-11-08,922.6
607,2021-11-09,924.24
608,2021-11-10,933.21
609,2021-11-11,941.28
610,2021-11-12,942.98
611,2021-11-15,942.47
612,2021-11-16,934.3
613,2021-11-17,943.95
614,2021-11-18,938.87
615,2021-11-19,932.15
616,2021-11-22,914.33
617,2021-11-23,904.91
618,2021-11-24,904.46
619,2021-11-25,905.62
620,2021-11-26,906.3
621,2021-11-29,903.4
622,2021-11-30,897.94
623,2021-12-01,900.09
624,2021-12-02,893.5
625,2021-12-03,900.8
626,2021-12-06,900.28
627,2021-12-07,901.51
628,2021-12-08,901.57
629,2021-12-09,897.1
630,2021-12-10,900.51
631,2021-12-13,901.83
632,2021-12-14,896.72
633,2021-12-15,900.96
634,2021-12-16,910.19
635,2021-12-17,910.06
636,2021-12-20,904.62
637,2021-12-21,904.66
638,2021-12-22,911.02
639,2021-12-23,913.59
640,2021-12-24,913.11
641,2021-12-27,915.91
642,2021-12-28,913.82
643,2021-12-29,911.38
644,2021-12-30,917.0
645,2021-12-31,923.82
646,2022-01-03,913.02
647,2022-01-04,917.45
648,2022-01-05,914.75
649,2022-01-06,905.2
650,2022-01-07,907.71
651,2022-01-10,911.09
652,2022-01-11,919.74
653,2022-01-12,922.44
654,2022-01-13,918.8
655,2022-01-14,916.87
656,2022-01-17,918.9
657,2022-01-18,918.13
658,2022-01-19,928.67
659,2022-01-20,930.57
660,2022-01-21,926.52
661,2022-01-24,931.02
662,2022-01-25,936.07
663,2022-01-26,921.95
664,2022-01-27,909.64
665,2022-01-28,906.52
666,2022-01-31,909.0
667,2022-02-01,909.45
668,2022-02-02,913.14
669,2022-02-03,913.5
670,2022-02-04,914.43
671,2022-02-07,920.19
672,2022-02-08,922.85
673,2022-02-09,927.36
674,2022-02-10,922.98
675,2022-02-11,938.93
676,2022-02-14,945.62
677,2022-02-15,937.0
678,2022-02-16,944.49
679,2022-02-17,961.4
680,2022-02-18,959.96
681,2022-02-21,964.3
682,2022-02-22,959.12
683,2022-02-23,965.74
684,2022-02-24,965.1
685,2022-02-25,956.42
686,2022-02-28,963.2
687,2022-03-01,980.73
688,2022-03-02,975.39
689,2022-03-03,978.93
690,2022-03-04,994.42
691,2022-03-07,1011.43
692,2022-03-08,1034.35
693,2022-03-09,1006.83
694,2022-03-10,1008.7
695,2022-03-11,1002.4
696,2022-03-14,988.15
697,2022-03-15,968.99
698,2022-03-16,974.01
699,2022-03-17,982.14
700,2022-03-18,969.89
701,2022-03-21,1134.05
702,2022-03-22,1145.05
703,2022-03-23,1149.58
704,2022-03-24,1154.63
705,2022-03-25,1163.98
706,2022-03-28,1132.19
707,2022-03-29,1128.84
708,2022-03-30,1135.72
709,2022-03-31,1138.23
710,2022-04-01,1132.06
711,2022-04-04,1132.67
712,2022-04-05,1126.43
713,2022-04-06,1132.7
714,2022-04-07,1139.61
715,2022-04-08,1148.46
716,2022-04-11,1157.68
717,2022-04-12,1169.23
718,2022-04-13,1170.61
719,2022-04-14,1168.0
720,2022-04-15,1169.93
721,2022-04-18,1183.4
722,2022-04-19,1157.52
723,2022-04-20,1163.34
724,2022-04-21,1165.46
725,2022-04-22,1154.95
726,2022-04-25,1133.41
727,2022-04-26,1135.21
728,2022-04-27,1121.93
729,2022-04-28,1126.4
730,2022-04-29,1127.59
731,2022-05-02,1106.92
732,2022-05-03,1110.26
733,2022-05-04,1125.63
734,2022-05-05,1114.38
735,2022-05-06,1119.78
736,2022-05-09,1102.03
737,2022-05-10,1089.62
738,2022-05-11,1096.15
739,2022-05-12,1072.68
740,2022-05-13,1066.41
741,2022-05-16,1072.03
742,2022-05-17,1066.83
743,2022-05-18,1066.57
744,2022-05-19,1082.42
745,2022-05-20,1085.25
746,2022-05-23,1096.85
747,2022-05-24,1111.64
748,2022-05-25,1108.62
749,2022-05-26,1106.95
750,2022-05-27,1107.79
751,2022-05-30,1110.61
752,2022-05-31,1099.14
753,2022-06-01,1105.73
754,2022-06-02,1121.22
755,2022-06-03,1108.75
756,2022-06-06,1104.31
757,2022-06-07,1112.61
758,2022-06-08,1113.99
759,2022-06-09,1111.58
760,2022-06-10,1125.47
761,2022-06-13,1093.93
762,2022-06-14,1089.52
763,2022-06-15,1106.27
764,2022-06-16,1118.85
765,2022-06-17,1108.88
766,2022-06-20,1109.84
767,2022-06-21,1104.92
768,2022-06-22,1107.3
769,2022-06-23,1100.36
770,2022-06-24,1103.41
771,2022-06-27,1099.97
772,2022-06-28,1099.68
773,2022-06-29,1098.88
774,2022-06-30,1092.32
775,2022-07-01,1093.86
776,2022-07-04,1096.66
777,2022-07-05,1070.1
778,2022-07-06,1055.77
779,2022-07-07,1056.31
780,2022-07-08,1056.44
781,2022-07-11,1052.58
782,2022-07-12,1047.66
783,2022-07-13,1053.42
784,2022-07-14,1037.76
785,2022-07-15,1036.25
786,2022-07-18,1039.75
787,2022-07-19,1040.78
788,2022-07-20,1033.58
789,2022-07-21,1045.45
790,2022-07-22,1050.46
791,2022-07-25,1048.02
792,2022-07-26,1046.86
793,2022-07-27,1055.8
794,2022-07-28,1068.11
795,2022-07-29,1073.8
796,2022-08-01,1080.97
797,2022-08-02,1077.53
798,2022-08-03,1082.77
799,2022-08-04,1103.03
800,2022-08-05,1090.49
801,2022-08-08,1102.45
802,2022-08-09,1105.25
803,2022-08-10,1102.42
804,2022-08-11,1101.9
805,2022-08-12,1108.94
806,2022-08-15,1095.79
807,2022-08-16,1093.67
808,2022-08-17,1083.38
809,2022-08-18,1082.9
810,2022-08-19,1074.41
811,2022-08-22,1070.04
812,2022-08-23,1077.5
813,2022-08-24,1081.23
814,2022-08-25,1085.31
815,2022-08-26,1072.29
816,2022-08-29,1073.64
817,2022-08-30,1066.34
818,2022-08-31,1058.11
819,2022-09-01,1048.82
820,2022-09-02,1058.69
821,2022-09-05,1057.86
822,2022-09-06,1053.39
823,2022-09-07,1064.54
824,2022-09-08,1061.1
825,2022-09-09,1070.36
826,2022-09-12,1073.54
827,2022-09-13,1058.59
828,2022-09-14,1055.96
829,2022-09-15,1039.53
830,2022-09-16,1046.38
831,2022-09-19,1046.35
832,2022-09-20,1040.17
833,2022-09-21,1048.44
834,2022-09-22,1046.99
835,2022-09-23,1030.37
836,2022-09-26,1021.56
837,2022-09-27,1020.56
838,2022-09-28,1042.1
839,2022-09-29,1043.16
840,2022-09-30,1043.07
841,2022-10-03,1072.64
842,2022-10-04,1091.32
843,2022-10-05,1084.28
844,2022-10-06,1081.23
845,2022-10-07,1071.49
846,2022-10-10,1054.8
847,2022-10-11,1054.13
848,2022-10-12,1058.76
849,2022-10-13,1053.55
850,2022-10-14,1039.37
851,2022-10-17,1044.48
852,2022-10-18,1044.35
853,2022-10-19,1030.82
854,2022-10-20,1027.47
855,2022-10-21,1045.48
856,2022-10-24,1043.0
857,2022-10-25,1047.41
858,2022-10-26,1054.99
859,2022-10-27,1083.77
860,2022-10-28,1224.07
861,2022-10-31,1269.5
862,2022-11-01,1281.59
863,2022-11-02,1266.29
864,2022-11-03,1270.47
865,2022-11-04,1310.21
866,2022-11-07,1310.14
867,2022-11-08,1340.75
868,2022-11-09,1397.5
869,2022-11-10,1400.0
870,2022-11-11,1433.0
871,2022-11-12,1451.5
872,2022-11-13,1434.5
873,2022-11-14,1440.0
874,2022-11-15,1445.5
875,2022-11-16,1441.5
876,2022-11-17,1451.5
877,2022-11-18,1468.5
878,2022-11-19,1477.5
879,2022-11-20,1474.5
880,2022-11-21,1494.5
881,2022-11-22,1523.5
882,2022-11-23,1554.5
883,2022-11-24,1594.5
884,2022-11-25,1634.5
885,2022-11-26,1643.5
886,2022-11-27,1680.0
887,2022-11-28,1668.5
888,2022-11-29,1662.5
889,2022-11-30,1697.0
890,2022-12-01,1752.0
891,2022-12-02,1817.5
892,2022-12-03,1851.5
893,2022-12-04,1943.0
894,2022-12-05,2062.5
895,2022-12-06,1994.5
896,2022-12-07,1943.0
897,2022-12-08,1868.5
898,2022-12-09,1920.0
899,2022-12-10,1920.0
900,2022-12-11,1920.0
901,2022-12-12,1908.5
902,2022-12-13,1885.5
903,2022-12-14,1925.5
904,2022-12-15,2128.5
905,2022-12-16,2108.5
906,2022-12-17,2028.5
907,2022-12-18,1971.5
908,2022-12-19,1885.5
909,2022-12-20,1977.5
910,2022-12-21,2011.5
911,2022-12-22,1983.0
912,2022-12-23,1937.0
913,2022-12-24,1903.0
914,2022-12-25,1880.0
915,2022-12-26,1766.0
916,2022-12-27,1817.0
917,2022-12-28,1777.5
918,2022-12-29,1840.0
919,2022-12-30,1903.0
920,2022-12-31,1903.0
921,2023-01-01,1903.0
922,2023-01-02,1891.5
923,2023-01-03,1885.5
924,2023-01-04,1971.5
925,2023-01-05,1988.5
926,2023-01-06,2011.5
927,2023-01-07,2051.5
928,2023-01-08,2040.0
929,2023-01-09,1977.0
930,2023-01-10,1954.5
931,2023-01-11,2074.0
932,2023-01-12,2091.5
933,2023-01-13,2097.0
934,2023-01-14,2086.0
935,2023-01-15,2068.5
936,2023-01-16,2011.5
937,2023-01-17,2034.5
938,2023-01-18,2045.5
939,2023-01-19,2006.0
940,2023-01-20,2028.5
941,2023-01-21,2022.5
942,2023-01-22,2022.5
943,2023-01-23,2023.0
944,2023-01-24,2023.0
945,2023-01-25,2000.0
946,2023-01-26,2000.0
947,2023-01-27,2000.0
948,2023-01-28,2005.5
949,2023-01-29,2005.5
950,2023-01-30,1971.5
951,2023-01-31,1942.5
952,2023-02-01,1983.0
953,2023-02-02,2000.0
954,2023-02-03,1977.5
955,2023-02-04,1942.5
956,2023-02-05,1948.5
957,2023-02-06,1954.5
958,2023-02-07,1948.5
959,2023-02-08,1960.0
960,2023-02-09,1971.5
961,2023-02-10,1965.5
962,2023-02-11,1954.5
963,2023-02-12,1954.5
964,2023-02-13,1954.5
965,2023-02-14,1948.5
966,2023-02-15,1937.0
967,2023-02-16,1925.5
968,2023-02-17,1920.0
969,2023-02-18,1925.5
970,2023-02-19,1925.5
971,2023-02-20,1810.66
972,2023-02-21,1805.33
973,2023-02-22,1925.5
974,2023-02-23,1920.0
975,2023-02-24,1782.24
976,2023-02-25,1914.5
977,2023-02-26,1914.5
978,2023-02-27,1912.0
979,2023-02-28,1912.0
980,2023-03-01,1931.5
981,2023-03-02,2006.0
982,2023-03-03,2034.5
983,2023-03-04,2080.0
984,2023-03-05,2091.5
985,2023-03-06,2102.5
986,2023-03-07,2091.5
987,2023-03-08,2068.5
988,2023-03-09,2125.5
989,2023-03-10,2103.0
990,2023-03-11,2120.0
991,2023-03-12,2120.0
992,2023-03-13,2160.0
993,2023-03-14,2183.0
994,2023-03-15,2194.5
995,2023-03-16,2200.0
996,2023-03-17,2228.5
997,2023-03-18,2377.0
998,2023-03-19,2371.5
999,2023-03-20,2365.5
1000,2023-03-21,2263.0
1001,2023-03-22,2280.0
1002,2023-03-23,2308.5
1003,2023-03-24,1965.6
1004,2023-03-25,2297.5
1005,2023-03-26,2303.0
1006,2023-03-27,2280.0
1007,2023-03-28,2371.5
1008,2023-03-29,2400.0
1009,2023-03-30,2440.0
1010,2023-03-31,2508.5
1011,2023-04-02,2468.5
1012,2023-04-03,2445.5
1013,2023-04-04,2440.0
1014,2023-04-05,2508.5
1015,2023-04-06,2491.5
1016,2023-04-07,2462.5
1017,2023-04-08,2468.5
1018,2023-04-09,2468.5
1019,2023-04-10,2468.5
1020,2023-04-11,2480.0
1021,2023-04-12,2525.5
1022,2023-04-13,2582.5
1023,2023-04-14,2605.5
1024,2023-04-15,2588.5
1025,2023-04-16,2588.5
1026,2023-04-17,2668.5
1027,2023-04-18,2622.5
1028,2023-04-19,2703.0
1029,2023-04-20,2771.5
1030,2023-04-21,2788.5
1031,2023-04-22,2788.5
1032,2023-04-23,2754.0
1033,2023-04-24,2822.5
1034,2023-04-25,2845.5
1035,2023-04-26,2880.0
1036,2023-04-27,2988.5
1037,2023-04-28,3114.5
1038,2023-04-29,2942.5
1039,2023-04-30,3011.5
1040,2023-05-01,3011.5
1041,2023-05-02,3028.5
1042,2023-05-03,3011.5
1043,2023-05-04,3011.5
1044,2023-05-05,3005.5
1045,2023-05-06,2971.5
1046,2023-05-07,2971.5
1047,2023-05-08,2960.0
1048,2023-05-09,2914.0
1049,2023-05-10,2902.5
1050,2023-05-11,2885.5
1051,2023-05-12,2828.5
1052,2023-05-13,2703.0
1053,2023-05-14,2691.5
1054,2023-05-15,2605.5
1055,2023-05-16,2600.0
1056,2023-05-17,2514.5
1057,2023-05-18,2508.5
1058,2023-05-19,2525.5
1059,2023-05-20,2668.5
1060,2023-05-21,2726.0
1061,2023-05-22,2857.5
1062,2023-05-23,2771.5
1063,2023-05-24,2748.5
1064,2023-05-25,2685.5
1065,2023-05-26,2697.5
1066,2023-05-27,2708.5
1067,2023-05-28,2680.0
1068,2023-05-29,2646.0
1069,2023-05-30,2640.0
1070,2023-05-31,2662.5
1071,2023-06-01,2651.5
1072,2023-06-02,2708.5
1073,2023-06-03,2691.5
1074,2023-06-04,2674.5
1075,2023-06-05,2662.5
1076,2023-06-06,2680.0
1077,2023-06-07,2680.0
1078,2023-06-08,2663.0
1079,2023-06-09,2674.5
1080,2023-06-10,2663.0
1081,2023-06-11,2657.0
1082,2023-06-12,2645.5
1083,2023-06-13,2628.5
1084,2023-06-14,2605.5
1085,2023-06-15,2588.5
1086,2023-06-16,2611.5
1087,2023-06-17,2594.5
1088,2023-06-18,2571.5
1089,2023-06-19,2514.5
1090,2023-06-20,2468.5
1091,2023-06-21,2445.5
1092,2023-06-22,2468.5
1093,2023-06-23,2525.5
1094,2023-06-24,2566.0
1095,2023-06-25,2548.5
1096,2023-06-26,2554.5
1097,2023-06-27,2571.5
1098,2023-06-28,1897.21
1099,2023-06-29,2617.5
1100,2023-06-30,2588.5
1101,2023-07-01,2611.5
1102,2023-07-02,2571.5
1103,2023-07-03,2537.5
1104,2023-07-04,2537.0
1105,2023-07-05,2531.5
1106,2023-07-06,2491.5
1107,2023-07-07,2480.0
1108,2023-07-08,2480.0
1109,2023-07-09,2491.5
1110,2023-07-10,2468.5
1111,2023-07-11,2480.0
1112,2023-07-12,2485.5
1113,2023-07-13,2502.5
1114,2023-07-14,2503.0
1115,2023-07-15,2503.0
1116,2023-07-16,2485.5
1117,2023-07-17,2480.0
1118,2023-07-18,2468.5
1119,2023-07-19,2468.5
1120,2023-07-20,2463.0
1121,2023-07-21,2463.0
1122,2023-07-22,2468.5
1123,2023-07-23,2468.5
1124,2023-07-24,2468.5
1125,2023-07-25,2460.5
1126,2023-07-26,2457.0
1127,2023-07-27,2472.0
1128,2023-07-28,2457.0
1129,2023-07-29,2457.0
1130,2023-07-30,2451.5
1131,2023-07-31,2453.5
1132,2023-08-01,2463.0
1133,2023-08-02,2457.0
1134,2023-08-03,2457.0
1135,2023-08-04,2459.5
1136,2023-08-05,2468.5
1137,2023-08-06,2461.5
1138,2023-08-07,2457.0
1139,2023-08-08,2457.0
1140,2023-08-09,2463.0
1141,2023-08-10,2464.0
1142,2023-08-11,2491.5
1143,2023-08-12,2662.5
1144,2023-08-13,2703.0
1145,2023-08-14,2611.5
1146,2023-08-15,2565.5
1147,2023-08-16,2560.0
1148,2023-08-17,2560.0
1149,2023-08-18,2588.5
1150,2023-08-19,2560.0
1151,2023-08-20,2560.0
1152,2023-08-21,2548.5
1153,2023-08-22,2571.5
1154,2023-08-23,2600.0
1155,2023-08-24,2594.5
1156,2023-08-25,2594.5
1157,2023-08-26,2588.5
1158,2023-08-27,2577.5
1159,2023-08-28,2542.5
1160,2023-08-29,2514.5
1161,2023-08-30,2520.0
1162,2023-08-31,2514.5
1163,2023-09-01,2520.0
1164,2023-09-02,2520.0
1165,2023-09-03,2531.5
1166,2023-09-04,2525.5
1167,2023-09-05,2514.5
1168,2023-09-06,2497.0
1169,2023-09-07,2520.0
1170,2023-09-08,2525.5
1171,2023-09-09,2508.5
1172,2023-09-10,2508.5
1173,2023-09-11,2508.5
1174,2023-09-12,2503.0
1175,2023-09-13,2508.5
1176,2023-09-14,2497.0
1177,2023-09-15,2497.0
1178,2023-09-16,2503.0
1179,2023-09-17,2485.5
1180,2023-09-18,2480.0
1181,2023-09-19,2520.0
1182,2023-09-20,2520.0
1183,2023-09-21,2537.0
1184,2023-09-22,2525.5
1185,2023-09-23,2526.5
1186,2023-09-24,2520.0
1187,2023-09-25,2522.5
1188,2023-09-26,2514.5
1189,2023-09-27,2520.0
1190,2023-09-28,2508.5
1191,2023-09-29,2503.0
1192,2023-09-30,2480.0
1193,2023-10-01,2468.5
1194,2023-10-02,2451.5
1195,2023-10-03,2445.5
1196,2023-10-04,2463.0
1197,2023-10-05,2457.0
1198,2023-10-06,2457.0
1199,2023-10-07,2468.5
1200,2023-10-08,2491.5
1201,2023-10-09,2514.5
1202,2023-10-10,2554.5
1203,2023-10-11,2605.5
1204,2023-10-12,2697.5
1205,2023-10-13,2645.5
1206,2023-10-14,2662.5
1207,2023-10-15,2685.5
1208,2023-10-16,2651.5
1209,2023-10-17,2657.5
1210,2023-10-18,2697.5
1211,2023-10-19,2697.5
1212,2023-10-20,2760.0
1213,2023-10-21,2771.5
1214,2023-10-22,2765.5
1215,2023-10-23,2817.0
1216,2023-10-24,2834.5
1217,2023-10-25,2897.0
1218,2023-10-26,2903.0
1219,2023-10-27,2885.5
1220,2023-10-28,2937.5
1221,2023-10-29,2937.5
1222,2023-10-30,2937.5
1223,2023-10-31,2931.5
1224,2023-11-01,2925.5
1225,2023-11-02,2908.5
1226,2023-11-03,2902.5
1227,2023-11-04,2914.5
1228,2023-11-05,2925.5
1229,2023-11-06,2937.5
1230,2023-11-07,2971.5
1231,2023-11-08,2988.5
1232,2023-11-09,2942.5
1233,2023-11-10,2960.0
1234,2023-11-11,2948.5
1235,2023-11-12,2960.0
1236,2023-11-13,2977.5
1237,2023-11-14,3005.5
1238,2023-11-15,3051.5
1239,2023-11-16,3068.5
1240,2023-11-17,3074.5
1241,2023-11-18,3085.5
1242,2023-11-19,3103.0
1243,2023-11-20,3108.5
1244,2023-11-21,3154.5
1245,2023-11-22,3194.5
1246,2023-11-23,3108.5
1247,2023-11-24,3125.5
1248,2023-11-25,3148.5
1249,2023-11-26,3177.5
1250,2023-11-27,3200.0
1251,2023-11-28,3200.0
1252,2023-11-29,3200.0
1253,2023-11-30,3217.5
1254,2023-12-01,3154.5
1255,2023-12-02,3188.5
1256,2023-12-03,3182.5
1257,2023-12-04,3177.5
1258,2023-12-05,3188.5
1259,2023-12-06,3182.5
1260,2023-12-07,3165.5
1261,2023-12-08,3165.5
1262,2023-12-09,3165.5
1263,2023-12-10,3177.5
1264,2023-12-11,3183.0
1265,2023-12-12,3188.5
1266,2023-12-13,3194.5
1267,2023-12-14,3245.5
1268,2023-12-15,3280.0
1269,2023-12-16,3291.5
1270,2023-12-17,3291.5
1271,2023-12-18,3285.5
1272,2023-12-19,3297.0
1273,2023-12-20,3360.0
1274,2023-12-21,3417.5
1275,2023-12-22,3394.5
1276,2023-12-23,3457.5
1277,2023-12-24,3474.5
1278,2023-12-25,3497.5
1279,2023-12-26,3628.5
1280,2023-12-27,3754.0
1281,2023-12-28,3628.5
1282,2023-12-29,3537.5
1283,2023-12-30,3611.5
1284,2023-12-31,3606.0
1285,2024-01-01,3606.0
1286,2024-01-02,3634.0
1287,2024-01-03,3628.5
1288,2024-01-04,3600.0
1289,2024-01-05,3628.5
1290,2024-01-06,3674.0
1291,2024-01-07,3742.5
1292,2024-01-08,3743.0
1293,2024-01-09,3714.5
1294,2024-01-10,3674.0
1295,2024-01-11,3634.5
1296,2024-01-12,3657.0
1297,2024-01-13,3708.5
1298,2024-01-14,3726.0
1299,2024-01-15,3731.5
1300,2024-01-16,3823.0
1301,2024-01-17,3840.0
1302,2024-01-18,3868.5
1303,2024-01-19,3846.0
1304,2024-01-20,3988.5
1305,2024-01-21,3971.5
1306,2024-01-22,4040.0
1307,2024-01-23,4154.0
1308,2024-01-24,4200.0
1309,2024-01-25,4342.5
1310,2024-01-26,4342.5
1311,2024-01-27,4342.5
1312,2024-01-28,4342.5
1313,2024-01-29,4371.5
1314,2024-01-30,4371.5
1315,2024-01-31,4400.0
1316,2024-02-01,4400.0
1317,2024-02-02,4400.0
1318,2024-02-03,4400.0
1319,2024-02-04,4085.5
1320,2024-02-05,3971.5
1321,2024-02-06,3914.0
1322,2024-02-07,4114.0
1323,2024-02-08,4114.0
1324,2024-02-09,4114.0
1325,2024-02-10,4114.0
1326,2024-02-11,4114.0
1327,2024-02-12,4114.0
1328,2024-02-13,4085.5
1329,2024-02-14,4142.5
1330,2024-02-15,4142.5
1331,2024-02-16,4131.5
1332,2024-02-17,4131.5
1333,2024-02-18,4131.5
1334,2024-02-19,4074.0
1335,2024-02-20,4097.0
1336,2024-02-21,4097.0
1337,2024-02-22,4040.0
1338,2024-02-23,3897.5
1339,2024-02-24,3657.0
1340,2024-02-25,3457.0
1341,2024-02-26,3343.0
1342,2024-02-27,3371.5
1343,2024-02-28,3486.0
1344,2024-02-29,3383.0
1345,2024-03-01,3303.0
1346,2024-03-02,3342.5
1347,2024-03-03,3160.0
1348,2024-03-04,3006.0
1349,2024-03-05,3188.5
1350,2024-03-06,3314.5
1351,2024-03-07,3657.0
1352,2024-03-08,3657.0
1353,2024-03-09,3708.5
1354,2024-03-10,3628.5
1355,2024-03-11,3548.5
1356,2024-03-12,3588.5
1357,2024-03-13,3542.5
1358,2024-03-14,3400.0
1359,2024-03-15,3325.5
1360,2024-03-16,3354.5
1361,2024-03-17,3388.5
1362,2024-03-18,3348.5
1363,2024-03-19,3428.5
1364,2024-03-20,3457.5
1365,2024-03-21,3457.5
1366,2024-03-22,3463.0
1367,2024-03-23,3411.5
1368,2024-03-24,3428.5
1369,2024-03-25,3428.5
1370,2024-03-26,3514.5
1371,2024-03-27,3548.5
1372,2024-03-28,3398.69
1373,2024-03-29,3514.0
1374,2024-03-30,3548.5
1375,2024-03-31,3514.0
1376,2024-04-01,3514.0
1377,2024-04-02,3502.5
1378,2024-04-03,3514.0
1379,2024-04-04,3548.5
1380,2024-04-05,3554.5
1381,2024-04-06,3571.5
1382,2024-04-07,3645.5
1383,2024-04-08,3645.5
1384,2024-04-09,3640.0
1385,2024-04-10,3663.0
1386,2024-04-11,3628.5
1387,2024-04-12,3680.0
1388,2024-04-13,3657.0
1389,2024-04-14,3674.0
1390,2024-04-15,3731.5
1391,2024-04-16,3720.0
1392,2024-04-17,3714.5
1393,2024-04-18,3708.5
1394,2024-04-19,3702.5
1395,2024-04-20,3725.5
1396,2024-04-21,3725.5
1397,2024-04-22,3725.5
1398,2024-04-23,3588.5
1399,2024-04-24,3554.5
1400,2024-04-25,3525.5
1401,2024-04-26,3542.5
1402,2024-04-27,3542.5
1403,2024-04-28,3531.5
1404,2024-04-29,3520.0
1405,2024-04-30,3525.5
1406,2024-05-01,3486.0
1407,2024-05-02,3514.0
1408,2024-05-03,3520.0
1409,2024-05-04,3520.0
1410,2024-05-05,3508.5
1411,2024-05-06,3514.5
1412,2024-05-07,3542.5
1413,2024-05-08,3525.5
1414,2024-05-09,3520.0
1415,2024-05-10,3537.5
1416,2024-05-11,3577.5
1417,2024-05-12,3565.5
1418,2024-05-13,3560.0
1419,2024-05-14,3537.5
1420,2024-05-15,3537.5
1421,2024-05-16,3565.5
1422,2024-05-17,3636.18
1423,2024-05-18,3617.5
1424,2024-05-19,3617.5
1425,2024-05-20,3617.5
1426,2024-05-21,3628.5
1427,2024-05-22,3617.0
1428,2024-05-23,3594.5
1429,2024-05-24,3571.5
1430,2024-05-25,3560.0
1431,2024-05-26,3554.5
1432,2024-05-27,3531.5
1433,2024-05-28,3554.5
1434,2024-05-29,3577.5
1435,2024-05-30,3554.5
1436,2024-05-31,3548.5
1437,2024-06-01,3531.5
1438,2024-06-02,3542.5
1439,2024-06-03,3543.0
1440,2024-06-04,3554.5
1441,2024-06-05,3537.5
1442,2024-06-06,3565.5
1443,2024-06-07,3582.5
1444,2024-06-08,3520.0
1445,2024-06-09,3531.5
1446,2024-06-10,3531.5
1447,2024-06-11,3548.5
1448,2024-06-12,3548.5
1449,2024-06-13,3554.5
1450,2024-06-14,3554.5
1451,2024-06-15,3571.5
1452,2024-06-16,3582.5
1453,2024-06-17,3582.5
1454,2024-06-18,3582.5
1455,2024-06-19,3583.0
1456,2024-06-20,3577.0
1457,2024-06-21,3594.5
1458,2024-06-22,3582.5
1459,2024-06-23,3583.0
1460,2024-06-24,3594.5
1461,2024-06-25,3605.5
1462,2024-06-26,3600.0
1463,2024-06-27,3577.5
1464,2024-06-28,3588.5
1465,2024-06-29,3588.5
1466,2024-06-30,3600.0
1467,2024-07-01,3600.0
1468,2024-07-02,3611.5
1469,2024-07-03,3605.5
1470,2024-07-04,3623.0
1471,2024-07-05,3628.5
1472,2024-07-06,3674.5
1473,2024-07-07,3680.0
1474,2024-07-08,3671.0
1475,2024-07-09,3645.5
1476,2024-07-10,3657.0
1477,2024-07-11,3674.5
1478,2024-07-12,3708.5
1479,2024-07-13,3694.5
1480,2024-07-14,3705.0
1481,2024-07-15,3697.5
1482,2024-07-16,3720.0
1483,2024-07-17,3765.5
1484,2024-07-18,3771.5
1485,2024-07-19,3760.0
1486,2024-07-20,3739.5
1487,2024-07-21,3720.0
1488,2024-07-22,3739.5
1489,2024-07-23,3751.0
1490,2024-07-24,3748.5
1491,2024-07-25,3743.0
1492,2024-07-26,3697.0
1493,2024-07-27,3714.5
1494,2024-07-28,3725.5
1495,2024-07-29,3725.5
1496,2024-07-30,3723.5
1497,2024-07-31,3729.5
1498,2024-08-01,3782.5
1499,2024-08-02,3777.5
1500,2024-08-03,3788.5
1501,2024-08-04,3788.5
1502,2024-08-05,3811.5
1503,2024-08-06,3817.5
1504,2024-08-07,3845.5
1505,2024-08-08,3777.0
1506,2024-08-09,3885.5
1507,2024-08-10,3937.0
1508,2024-08-11,3954.0
1509,2024-08-12,3937.0
1510,2024-08-13,3960.0
1511,2024-08-14,3965.5
1512,2024-08-15,3942.5
1513,2024-08-16,3943.0
1514,2024-08-17,3960.0
1515,2024-08-18,3982.5
1516,2024-08-19,3965.5
1517,2024-08-20,3954.5
1518,2024-08-21,3965.5
1519,2024-08-22,3960.0
1520,2024-08-23,3943.0
1521,2024-08-24,3948.5
1522,2024-08-25,3948.5
1523,2024-08-26,3954.5
1524,2024-08-27,3954.5
1525,2024-08-28,3948.5
1526,2024-08-29,3925.5
1527,2024-08-30,3931.5
1528,2024-08-31,3920.0
1529,2024-09-01,3931.5
1530,2024-09-02,3931.5
1531,2024-09-03,3885.5
1532,2024-09-04,3862.5
1533,2024-09-05,3857.5
1534,2024-09-06,3874.5
1535,2024-09-07,3862.5
1536,2024-09-08,3874.5
1537,2024-09-09,3868.5
1538,2024-09-10,3863.0
1539,2024-09-11,3874.5
1540,2024-09-12,3874.5
1541,2024-09-13,3937.0
1542,2024-09-14,3971.5
1543,2024-09-15,3965.5
1544,2024-09-16,3960.0
1545,2024-09-17,3965.5
1546,2024-09-18,3943.0
1547,2024-09-19,3954.5
1548,2024-09-20,4000.0
1549,2024-09-21,4045.5
1550,2024-09-22,4040.0
1551,2024-09-23,4057.5
1552,2024-09-24,4068.5
1553,2024-09-25,4114.5
1554,2024-09-26,4103.0
1555,2024-09-27,4114.5
1556,2024-09-28,4091.5
1557,2024-09-29,4103.0
1558,2024-09-30,4103.0
1559,2024-10-01,4068.5
1560,2024-10-02,4091.5
1561,2024-10-03,4127.7
1562,2024-10-04,4121.95
1563,2024-10-07,4115.1
1564,2024-10-08,4096.61
1565,2024-10-09,4066.17
1566,2024-10-10,4105.13
1567,2024-10-11,4146.67
1568,2024-10-14,4138.89
1569,2024-10-15,4156.06
1570,2024-10-16,4178.21
1571,2024-10-17,4210.33
1572,2024-10-18,4252.06
1573,2024-10-21,4256.66
1574,2024-10-22,4302.67
1575,2024-10-23,4256.5
1576,2024-10-24,4289.97
1577,2024-10-25,4306.72
1578,2024-10-28,4292.6
1579,2024-10-29,4345.2
1580,2024-10-30,4367.06
1581,2024-10-31,4320.9
1582,2024-11-01,4292.31
1583,2024-11-04,4316.72
1584,2024-11-05,4332.57
1585,2024-11-06,4216.54
1586,2024-11-07,4288.78
1587,2024-11-08,4253.06
1588,2024-11-11,4149.73
1589,2024-11-12,4112.27
1590,2024-11-13,4093.11
1591,2024-11-14,4092.5
1592,2024-11-15,4064.27
1593,2024-11-18,4152.62
1594,2024-11-19,4195.51
1595,2024-11-20,4235.15
1596,2024-11-21,4263.7
1597,2024-11-22,4334.34
1598,2024-11-25,4192.04
1599,2024-11-26,4199.01
1600,2024-11-27,4210.17
1601,2024-11-28,4206.66
1602,2024-11-29,4223.29
1603,2024-12-02,4223.61
1604,2024-12-03,4223.51
1605,2024-12-04,4244.6
1606,2024-12-05,4230.94
1607,2024-12-06,4227.85
1608,2024-12-09,4320.51
1609,2024-12-10,4371.02
1610,2024-12-11,4425.45
1611,2024-12-12,4380.76
1612,2024-12-13,4326.46
1613,2024-12-16,4332.57
1614,2024-12-17,4320.32
1615,2024-12-18,4237.95
1616,2024-12-19,4247.56
1617,2024-12-20,4291.32
1618,2024-12-23,4295.95
1619,2024-12-24,4279.07
1620,2024-12-25,4286.33
1621,2024-12-26,4297.81
1622,2024-12-27,4286.91
1623,2024-12-30,4257.53
1624,2024-12-31,4290.48
1625,2025-01-01,4287.46
1626,2025-01-02,4340.38
1627,2025-01-03,4308.29
1628,2025-01-06,4291.25
1629,2025-01-07,4313.57
1630,2025-01-08,4331.12
1631,2025-01-09,4341.6
1632,2025-01-10,4369.38
1633,2025-01-13,4329.22
1634,2025-01-14,4338.03
1635,2025-01-15,4370.83
1636,2025-01-16,4396.51
1637,2025-01-17,4378.7
1638,2025-01-20,4382.72
1639,2025-01-21,4435.39
1640,2025-01-22,4457.44
1641,2025-01-23,4452.65
1642,2025-01-24,4478.63
1643,2025-01-27,4429.15
1644,2025-01-28,4461.97
1645,2025-01-29,4456.64
1646,2025-01-30,4513.16
1647,2025-01-31,4519.07
1648,2025-02-03,4555.08
1649,2025-02-04,4592.28
1650,2025-02-05,4641.6
1651,2025-02-06,4620.77
1652,2025-02-07,4624.78
1653,2025-02-10,4708.54
1654,2025-02-11,4702.14
1655,2025-02-12,4722.91
1656,2025-02-13,4770.36
1657,2025-02-14,4689.44
1658,2025-02-17,4714.1
1659,2025-02-18,4776.38
1660,2025-02-19,4777.73
1661,2025-02-20,4781.29
1662,2025-02-21,4773.0
1663,2025-02-24,4801.52
1664,2025-02-25,4739.43
1665,2025-02-26,4744.74
1666,2025-02-27,4683.69
1667,2025-02-28,4652.21
1668,2025-03-03,4708.54
1669,2025-03-04,4746.48
1670,2025-03-05,4751.84
1671,2025-03-06,4745.74
1672,2025-03-07,4743.39
1673,2025-03-10,4694.58
1674,2025-03-11,4744.42
1675,2025-03-12,4780.39
1676,2025-03-13,4862.67
1677,2025-03-14,4856.4
1678,2025-03-17,4871.38
1679,2025-03-18,4925.36
1680,2025-03-19,4964.01
1681,2025-03-20,4949.83
1682,2025-03-21,4893.15
1683,2025-03-24,4898.16
1684,2025-03-25,4912.86
1685,2025-03-26,4907.39
1686,2025-03-27,4969.02
1687,2025-03-28,5000.34
1688,2025-03-31,5080.49
1689,2025-04-01,5062.58
1690,2025-04-02,5113.12
1691,2025-04-03,5063.96
1692,2025-04-04,4937.71
1693,2025-04-07,4931.5
1694,2025-04-08,4920.03
1695,2025-04-09,5113.06
1696,2025-04-10,5235.23
1697,2025-04-11,5335.57
1698,2025-04-14,5265.23
1699,2025-04-15,5297.6
1700,2025-04-16,5492.85
1701,2025-04-17,5456.3
1702,2025-04-18,5456.3
1703,2025-04-21,5568.02
1704,2025-04-22,5454.79
1705,2025-04-23,5424.34
1706,2025-04-24,5510.57
1707,2025-04-25,5417.3
1708,2025-04-28,5452.76
1709,2025-04-29,5420.32
1710,2025-04-30,5355.76
1711,2025-05-01,5307.28
1712,2025-05-02,5290.37
1713,2025-05-05,5425.85
1714,2025-05-06,5534.81
1715,2025-05-07,5479.51
1716,2025-05-08,5385.82
1717,2025-05-09,5416.63
1718,2025-05-12,5252.05
1719,2025-05-13,5273.72
1720,2025-05-14,5153.7
1721,2025-05-15,5234.94
1722,2025-05-16,5156.46
1723,2025-05-19,5192.25
1724,2025-05-20,5288.05
1725,2025-05-21,5333.42
1726,2025-05-22,5292.43
1727,2025-05-23,5384.64
1728,2025-05-26,5358.46
1729,2025-05-27,5290.98
1730,2025-05-28,5258.83
1731,2025-05-29,5308.05
1732,2025-05-30,5264.26
1733,2025-06-02,5413.6
1734,2025-06-03,5362.03
1735,2025-06-04,5394.83
1736,2025-06-05,5366.5
1737,2025-06-06,5279.73
